Modelo,Acurácia,AUC,Tempo de Treino,Matriz Confusão,Classification Report
Árvore de Decisão,0.48775055679287305,0.48363587450274753,0.007667064666748047,"[[307 377]
 [313 350]]","{'0': {'precision': 0.49516129032258066, 'recall': 0.44883040935672514, 'f1-score': 0.4708588957055215, 'support': 684.0}, '1': {'precision': 0.4814305364511692, 'recall': 0.5279034690799397, 'f1-score': 0.5035971223021583, 'support': 663.0}, 'accuracy': 0.48775055679287305, 'macro avg': {'precision': 0.48829591338687495, 'recall': 0.4883669392183324, 'f1-score': 0.4872280090038399, 'support': 1347.0}, 'weighted avg': {'precision': 0.48840294598943595, 'recall': 0.48775055679287305, 'f1-score': 0.4869728112464051, 'support': 1347.0}}"
Random Forest,0.5033407572383074,0.4985358065853422,0.8185157775878906,"[[378 306]
 [363 300]]","{'0': {'precision': 0.5101214574898786, 'recall': 0.5526315789473685, 'f1-score': 0.5305263157894737, 'support': 684.0}, '1': {'precision': 0.49504950495049505, 'recall': 0.45248868778280543, 'f1-score': 0.4728132387706856, 'support': 663.0}, 'accuracy': 0.5033407572383074, 'macro avg': {'precision': 0.5025854812201869, 'recall': 0.502560133365087, 'f1-score': 0.5016697772800797, 'support': 1347.0}, 'weighted avg': {'precision': 0.5027029686007833, 'recall': 0.5033407572383074, 'f1-score': 0.5021196564996026, 'support': 1347.0}}"
XGBoost,0.48997772828507796,0.4930472863909396,0.15869760513305664,"[[368 316]
 [371 292]]","{'0': {'precision': 0.4979702300405954, 'recall': 0.5380116959064327, 'f1-score': 0.517217146872804, 'support': 684.0}, '1': {'precision': 0.48026315789473684, 'recall': 0.44042232277526394, 'f1-score': 0.45948072383949645, 'support': 663.0}, 'accuracy': 0.48997772828507796, 'macro avg': {'precision': 0.4891166939676661, 'recall': 0.48921700934084833, 'f1-score': 0.4883489353561502, 'support': 1347.0}, 'weighted avg': {'precision': 0.4892547223696939, 'recall': 0.48997772828507796, 'f1-score': 0.488798996560196, 'support': 1347.0}}"
